Workbook

Sheet Planilha1
A1: Itens
B2: =VLOOKUP(A2,Valores!$A$1:$D$529,2,0) -> #N/A | C2: 1 | D2: =VLOOKUP(A2,Valores!$A$1:$D$529,4,0) -> #N/A
A3: 16.16 | B3: =VLOOKUP(A3,Valores!$A$1:$D$529,2,0) -> Persiana vertical em tecido | C3: 1.4 | D3: =VLOOKUP(A3,Valores!$A$1:$D$529,4,0) -> m²
A4: 2.18 | B4: =VLOOKUP(A4,Valores!$A$1:$D$529,2,0) -> Remoção de entulho com caçamba metálica, inclusive limpeza, transporte, carga, descarga e descarte conforme legislação ambiental - Material de descarte (alvenaria, estruturas metálicas, madeiramento, revestimentos cerâmicos, gesso, dry-wall, entre outros) | C4: 0.14 | D4: =VLOOKUP(A4,Valores!$A$1:$D$529,4,0) -> m³
B5: =VLOOKUP(A5,Valores!$A$1:$D$529,2,0) -> #N/A | D5: =VLOOKUP(A5,Valores!$A$1:$D$529,4,0) -> #N/A
B6: =VLOOKUP(A6,Valores!$A$1:$D$529,2,0) -> #N/A | D6: =VLOOKUP(A6,Valores!$A$1:$D$529,4,0) -> #N/A
B7: =VLOOKUP(A7,Valores!$A$1:$D$529,2,0) -> #N/A | D7: =VLOOKUP(A7,Valores!$A$1:$D$529,4,0) -> #N/A
B8: =VLOOKUP(A8,Valores!$A$1:$D$529,2,0) -> #N/A | D8: =VLOOKUP(A8,Valores!$A$1:$D$529,4,0) -> #N/A
B9: =VLOOKUP(A9,Valores!$A$1:$D$529,2,0) -> #N/A | C9: 1 | D9: =VLOOKUP(A9,Valores!$A$1:$D$529,4,0) -> #N/A
A10: 29.22 | B10: =VLOOKUP(A10,Valores!$A$1:$D$529,2,0) -> Ajuste de biombo, divisórias, carenagens e mobiliário em geral | C10: 6 | D10: =VLOOKUP(A10,Valores!$A$1:$D$529,4,0) -> un
A11: 10.5 | B11: =VLOOKUP(A11,Valores!$A$1:$D$529,2,0) -> Peitoril ou soleira de granito, assentado e rejuntado | D11: =VLOOKUP(A11,Valores!$A$1:$D$529,4,0) -> m
B12: =VLOOKUP(A12,Valores!$A$1:$D$529,2,0) -> #N/A | D12: =VLOOKUP(A12,Valores!$A$1:$D$529,4,0) -> #N/A
B13: =VLOOKUP(A13,Valores!$A$1:$D$529,2,0) -> #N/A | D13: =VLOOKUP(A13,Valores!$A$1:$D$529,4,0) -> #N/A
B14: =VLOOKUP(A14,Valores!$A$1:$D$529,2,0) -> #N/A | D14: =VLOOKUP(A14,Valores!$A$1:$D$529,4,0) -> #N/A
B15: =VLOOKUP(A15,Valores!$A$1:$D$529,2,0) -> #N/A | D15: =VLOOKUP(A15,Valores!$A$1:$D$529,4,0) -> #N/A
D16: .

Sheet Valores
A1: ITEM | C1: QTDE | D1: UN.
A2: 1 | B2: PRELIMINARES
A3: 1.1 | B3: Chamado | C3: =V3 -> 0 | D3: un
A4: 1.2 | B4: Deslocamento | C4: =V4 -> 0 | D4: km
A5: 1.3 | B5: Revisão de instalações | C5: =V5 -> 0 | D5: un
A6: 1.4 | B6: Acompanhamento técnico em Segurança do Trabalho | C6: =V6 -> 0 | D6: un
A7: 1.5 | B7: Hospedagem de equipe técnica - Serviços prolongados | C7: =V7 -> 0 | D7: un
A8: 1.6 | B8: Deslocamento Fluvial | C8: =V8 -> 0 | D8: Km
A9: 1.7 | B9: Laudo técnico fotográfico - Elementos de Sinalização - Padrão BB | C9: =V9 -> 0 | D9: UN
A10: 2 | B10: IMPLANTAÇÃO / ADMINISTRAÇÃO
A11: 2.1 | B11: Demolição manual de concreto simples | C11: =V11 -> 0 | D11: m³
A12: 2.2 | B12: Demolição manual de alvenaria de elevação ou elemento vazado, incluindo revestimento | C12: =V12 -> 0 | D12: m³
A13: 2.3 | B13: Demolição manual de revestimento em massa de parede ou teto ou Dry-Wall | C13: =V13 -> 0 | D13: m³
A14: 2.4 | B14: Demolição de pisos em geral (ladrilho hidráulico, camada de enchimento, cerâmica, porcelanato, mármore, granito, pedra e madeira) - Manual | C14: =V14 -> 0 | D14: m²
A15: 2.5 | B15: Demolição de pisos em geral (ladrilho hidráulico, camada de enchimento, cerâmica, porcelanato, mármore, granito, pedra e madeira) - Mecanizado | C15: =V15 -> 0 | D15: m²
A16: 2.6 | B16: Demolição de pavimentação com pré-moldado de concreto ou intertravado | C16: =V16 -> 0 | D16: m²
A17: 2.7 | B17: Demolição de piso cimentado sobre lastro de concreto | C17: =V17 -> 0 | D17: m²
A18: 2.8 | B18: Demolição manual de forro, inclusive sistema de fixação/tarugamento | C18: =V18 -> 0 | D18: m²
A19: 2.9 | B19: Demolição de contrapiso/argamassa regularizante, isolante ou protetora | C19: =V19 -> 0 | D19: m²
A20: 2.10 | B20: Demolição de estrutura em madeira para telhado | C20: =V20 -> 0 | D20: m²
A21: 2.11 | B21: Retirada de cumeeira, espigão, rufo, calha ou chapim, perfil qualquer | C21: =V21 -> 0 | D21: m
A22: 2.12 | B22: Retirada de piso tátil com limpeza | C22: =V22 -> 0 | D22: m²
... A46: 2.36 | B46: Tela para Andaime | C46: =V46 -> 0 | D46: m²
A47: 3 | B47: MOVIMENTO DE TERRA
A48: 3.1 | B48: Escavação Manual em Solo | C48: =V48 -> 0 | D48: m³
A49: 3.2 | B49: Reaterro/Aterro Manual de Solo | C49: =V49 -> 0 | D49: m³
A50: 4 | B50: FUNDAÇÃO
A51: 5 | B51: ESTRUTURA
A52: 5.1 | B52: Base de concreto para fixação de TAA/TTE | C52: =V52 -> 0 | D52: m³
A53: 5.2 | B53: Montagem e Desmontagem de escoramento em madeira. | C53: =V53 -> 0 | D53: m²
A54: 5.3 | B54: Montagem e Desmontagem de escoramento metálico. | C54: =V54 -> 0 | D54: m²
A55: 5.4 | B55: Concreto fck = 15 MPa, controle tipo "B", e = 10 cm, e armado com tela de aço CA-60 | C55: =V55 -> 0 | D55: m²
A56: 6 | B56: ALVENARIAS E OUTRAS VEDAÇÕES
A57: 6.1 | B57: Alvenaria com tijolo cerâmico furado | C57: =V57 -> 0 | D57: m²
A58: 6.2 | B58: Parede de gesso em placas duplas acartonado dry wall - inclusive para ambientes úmidos - RU | C58: =V58 -> 0 | D58: m²
A59: 6.3 | B59: Rasgo e fechamento em alvenaria e piso | C59: =V59 -> 0 | D59: m
A60: 7 | B60: COBERTURA
A61: 7.1 | B61: Cobertura com telha de alumínio envernizada ou pintada, e=0,5 mm | C61: =V61 -> 0 | D61: m²
A62: 7.2 | B62: Cobertura em telha com isolamento termoacustico em espuma rígida de poliuretano (PU) injetado | C62: =V62 -> 0 | D62: m²
A63: 7.3 | B63: Cumeeira em chapa metálica | C63: =V63 -> 0 | D63: m
A64: 7.4 | B64: Cobertura com telha cerâmica, incluso transporte vertical | C64: =V64 -> 0 | D64: m²
A65: 7.5 | B65: Cumeeira para telha cerâmica emboçada com argamassa | C65: =V65 -> 0 | D65: m
A66: 7.6 | B66: Cumeeira universal para telhado de fibrocimento, e=6mm | C66: =V66 -> 0 | D66: m
A67: 7.7 | B67: Cobertura com telha de fibrocimento, e = 6 mm, | C67: =V67 -> 0 | D67: m²
A68: 7.8 | B68: Calha de chapa galvanizada nº 24 desenvolvimento 33 cm | C68: =V68 -> 0 | D68: m
A69: 7.9 | B69: Rufo de chapa de aço galvanizado com desenvolvimento até 50 cm | C69: =V69 -> 0 | D69: m
A70: 7.10 | B70: Chapim de chapa de aço galvanizado nº 24 desenvolvimento 33 cm | C70: =V70 -> 0 | D70: m
A71: 7.11 | B71: Cobertura com telha de fibrocimento estrutural, com recobrimento longitudinal | C71: =V71 -> 0 | D71: m²
A72: 7.12 | B72: Estrutura de madeira para telha cerâmica, fibrocimento ou de concreto | C72: =V72 -> 0 | D72: m²
... A75: 7.15 | B75: Reparo emergencial de telhado e calhas | C75: =V75 -> 0 | D75: un
A76: 8 | B76: IMPERMEABILIZAÇÃO
A77: 8.1 | B77: Proteção mecânica de superfície com argamassa de cimento e areia | C77: =V77 -> 0 | D77: m²
A78: 8.2 | B78: Impermeabilização com manta asfáltica modificada com polímeros aluminizada | C78: =V78 -> 0 | D78: m²
A79: 8.3 | B79: Impermeabilização utilizando manta asfáltica polimérica (cobertura, lajes, banheiros, jardins, Reservatórios e similares) | C79: =V79 -> 0 | D79: m²
A80: 8.4 | B80: Impermeabilização de calha ou lajes descobertas com emulsão asfáltica com elastômeros, 3 demãos, com tela de poliéster | C80: =V80 -> 0 | D80: m²
A81: 8.5 | B81: Impermeabilização de superfície com impermeabilizante flexível à base acrílica | C81: =V81 -> 0 | D81: m²
A82: 8.6 | B82: Impermeabilização com argamassa polimérica impermeabilizante | C82: =V82 -> 0 | D82: m²
A83: 8.7 | B83: Impermeabilização com membrana de poliuretano (PU) | C83: =V83 -> 0 | D83: m²
A84: 9 | B84: TRATAMENTO TÉRMICO E ACÚSTICO
A85: 10 | B85: PAVIMENTAÇÃO
A86: 10.1 | B86: Regularização de base ou contrapiso | C86: =V86 -> 0 | D86: m²
A87: 10.2 | B87: Regularização de piso para piso vinílico ou tátil em borracha | C87: =V87 -> 0 | D87: m²
A88: 10.3 | B88: Granito para revestimento (piso ou parede) Cinza Andorinha, assente com argamassa | C88: =V88 -> 0 | D88: m²
A89: 10.4 | B89: Rodapé em granito Cinza Andorinha, assentado e rejuntado | C89: =V89 -> 0 | D89: m
A90: 10.5 | B90: Peitoril ou soleira de granito, assentado e rejuntado | C90: =V90 -> 0 | D90: m
A91: 10.6 | B91: Granito branco para revestimento (piso ou parede), assente com argamassa | C91: =V91 -> 0 | D91: m²
A92: 10.7 | B92: Rodapé em granito branco, assentado e rejuntado | C92: =V92 -> 0 | D92: m
A93: 10.8 | B93: Bloco de concreto intertravado | C93: =V93 -> 0 | D93: m²
A94: 10.9 | B94: Piso em pedra portuguesa, basalto, calcário ou granito sem polimento. | C94: =V94 -> 0 | D94: m²
A95: 10.10 | B95: Piso mármore branco, assentado e rejuntado | C95: =V95 -> 0 | D95: m²
A96: 10.11 | B96: Piso em ladrilho hidráulico, assentado com argamassa | C96: =V96 -> 0 | D96: m²
A97: 10.12 | B97: Piso cimentado com argamassa e com junta plástica para dilatação. | C97: =V97 -> 0 | D97: m²
... A109: 10.24 | B109: Aplicação de Solução Antiderrapante em Pisos Frios, Inclusive mão de obra especializada | C109: =V109 -> 0 | D109: m²
A110: 11 | B110: REVESTIMENTOS
A111: 11.1 | B111: Painéis de alumínio - ACM | C111: =V111 -> 0 | D111: m²
A112: 11.2 | B112: Chapisco para parede interna ou externa com argamassa de cimento e areia. | C112: =V112 -> 0 | D112: m²
A113: 11.3 | B113: Emboço ou reboco para parede interna ou externa ou teto. | C113: =V113 -> 0 | D113: m²
A114: 11.4 | B114: Revestimento cerâmico assentado com argamassa pré-fabricada e rejuntado | C114: =V114 -> 0 | D114: m²
A115: 11.5 | B115: Revestimento (parede) em Pastilha de vidro, assentada com argamassa colante e rejunte. | C115: =V115 -> 0 | D115: m²
A116: 11.6 | B116: Laminado melamínico para revestimento (piso ou parede) interno | C116: =V116 -> 0 | D116: m²
A117: 11.7 | B117: Revestimento de parede com pedra São Tomé filetada (tipo "canjiquinha") | C117: =V117 -> 0 | D117: m²
A118: 11.8 | B118: Revestimento em mármore branco (parede), assentado e rejuntado | C118: =V118 -> 0 | D118: m²
A119: 11.9 | B119: Revestimento em Pastilha Cerâmica, assentada com argamassa colante e rejunte. | C119: =V119 -> 0 | D119: m²
A120: 12 | B120: DIVISÓRIAS, FORROS E PISOS FALSOS
A121: 12.1 | B121: Divisória texturizada cega | C121: =V121 -> 0 | D121: m²
A122: 12.2 | B122: Divisória texturizada cega/vidro | C122: =V122 -> 0 | D122: m²
A123: 12.3 | B123: Porta de divisória, Inclui batente e guarnições. | C123: =V123 -> 0 | D123: un
A124: 12.4 | B124: Forro de fibra mineral, incluindo fixação, com estrutura | C124: =V124 -> 0 | D124: m²
A125: 12.5 | B125: Forro de gesso acartonado, estruturado ou aramado | C125: =V125 -> 0 | D125: m²
A126: 12.6 | B126: Forro de placa de gesso pre-moldada, incluindo fixação | C126: =V126 -> 0 | D126: m²
A127: 12.7 | B127: Junta de dilatação para forro de gesso | C127: =V127 -> 0 | D127: m
A128: 12.8 | B128: Piso elevado com estrutura | C128: =V128 -> 0 | D128: m²
A129: 12.9 | B129: Forro de gesso, incluindo fixação, sem estrutura | C129: =V129 -> 0 | D129: m²
A130: 12.10 | B130: Forro de fibra mineral, incluindo fixação, sem estrutura | C130: =V130 -> 0 | D130: m²
A131: 12.11 | B131: Piso elevado sem estrutura | C131: =V131 -> 0 | D131: m²
A132: 12.12 | B132: Ajuste do forro de fibra mineral | C132: =V132 -> 0 | D132: m²
... A134: 12.14 | B134: Forro de gesso (RU), incluindo fixação, sem estrutura | C134: =V134 -> 0 | D134: m²
A135: 13 | B135: CARPINTARIA / MARCENARIA
A136: 13.1 | B136: Batente e guarnição para Porta de madeira, até 0,90 m | C136: =V136 -> 0 | D136: un
A137: 13.2 | B137: Porta de madeira até 0,80 x 2,10 m, interna/externa, sem ferragens, inclusive retirada da Porta antiga | C137: =V137 -> 0 | D137: un
...
